"TV_UMPIRE_ID","TV_UMPIRE"
1,"AM Saheba"
2,"RB Tiffin"
3,"IL Howell"
4,"Asad Rauf"
5,"AV Jayaprakash"
6,"I Shivram"
7,"BF Bowden"
8,"SL Shastri"
9,"RE Koertzen"
10,"GA Pratapkumar"
11,"DJ Harper"
12,"K Hariharan"
13,"SK Tarapore"
14,"S Ravi"
15,"BR Doctrove"
16,"MSS Ranawat"
17,"AL Hill"
18,"SJA Taufel"
19,"S Asnani"
20,"SS Hazare"
21,"HDPK Dharmasena"
22,"S Das"
23,"PR Reiffel"
24,"NA"
25,"VA Kulkarni"
26,"Aleem Dar"
27,"GAV Baxter"
28,"BNJ Oxenford"
29,"K Srinath"
30,"NJ Llong"
31,"Subroto Das"
32,"PG Pathak"
33,"K Srinivasan"
34,"CB Gaffaney"
35,"K Bharatan"
36,"YC Barde"
37,"UV Gandhe"
38,"AY Dandekar"
39,"Tapan Sharma"
40,"J Madanagopal"
41,"R Pandit"
42,"NA Patwardhan"
43,"Vinod Seshan"
44,"Jasbir Singh"
45,"TH Wijewardene"
46,"M Erasmus"
47,"RJ Tucker"
48,"JD Cloete"
49,"AK Chaudhary"
50,"MR Benson"
51,"SJ Davis"
52,"BG Jerling"
53,"SD Ranade"
54,"C Shamshuddin"
55,"CK Nandan"
56,"RK Illingworth"
57,"RM Deshpande"
58,"SD Fry"
59,"Nitin Menon"
60,"A Nand Kishore"
61,"KN Ananthapadmanabhan"
62,"VK Sharma"
63,"A Deshmukh"
64,"IJ Gould"
65,"HAS Khalid"
66,"Navdeep Singh"
67,"MA Gough"
68,"GR Sadashiv Iyer"
69,"MV Saidharshan Kumar"
70,"AG Wharf"
71,"A Totre"
