"REFEREE_ID","REFERE"
1,"J Srinath"
2,"S Venkataraghavan"
3,"FM Engineer"
4,"Talat Ali"
5,"CH Lloyd"
6,"Yashpal Sharma"
7,"AJ Pycroft"
8,"RS Mahanama"
9,"GF Labrooy"
10,"RS Madugalle"
11,"RR Jadeja"
12,"Raju Mukherjee"
13,"DC Boon"
14,"M Nayyar"
15,"Chinmay Sharma"
16,"S Chaturvedi"
17,"Amit Sharma"
18,"V Narayan Kutty"
19,"RB Richardson"
20,"Shakti Singh"
21,"Prakash Bhatt"
22,"R Seth"
23,"RS Sodhi"
24,"Sanjay Verma"
25,"GR Viswanath"
26,"D Govindjee"
27,"DS Manohar"
28,"SA Satbhai"
29,"SS Raul"
30,"P Dharmani"
